{"model":{"version":2,"nodes":[{"name":"RootNode","position":[0,0,0],"rotation":[0,0,0],"scale":[1,1,1],"scaleCompensation":false},{"name":"WL","position":[0,0.860036,-0.00287862],"rotation":[-90,-0,0],"scale":[0.0101935,0.0101935,0.0101935],"scaleCompensation":false}],"parents":[-1,0],"skins":[],"morphs":[],"vertices":[{"position":{"type":"float32","components":3,"data":[17.5795,-23.1925,1.46604,14.642,-25.6431,-2.74759,17.8308,-23.52,-2.74758,14.4338,-25.2826,1.46603,20.4125,-20.6949,1.46603,23.2351,-18.1114,-2.7476,22.9077,-17.8601,1.46603,20.7069,-20.9893,-2.74759,25.0002,-14.7162,1.46603,27.0395,-11.4826,-2.74758,26.6582,-11.3246,1.46605,25.3607,-14.9244,-2.74759,27.8841,-7.75392,1.46603,28.9988,-4.10018,-2.74759,28.5896,-4.04631,1.46604,28.2862,-7.86166,-2.74759,12.177,-26.3983,1.46604,14.372,-25.1754,2.7476,12.1251,-26.287,2.74761,20.325,-20.6074,2.7476,17.5049,-23.0952,2.74761,22.8103,-17.7854,2.74759,24.893,-14.6544,2.7476,26.5449,-11.2776,2.74761,27.7645,-7.72189,2.7476,28.4679,-4.03029,2.7476,28.8677,-0.282399,1.46603,28.7439,-0.282399,2.7476,12.3517,-26.7727,-2.74758,29.284,-0.282399,-2.74759,-17.5795,-23.1925,1.46604,-14.642,-25.6431,-2.74759,-14.4338,-25.2826,1.46603,-17.8308,-23.52,-2.74758,-20.4125,-20.6949,1.46603,-22.9077,-17.8601,1.46603,-23.2351,-18.1114,-2.7476,-20.7069,-20.9893,-2.74759,-25.0002,-14.7162,1.46603,-26.6582,-11.3246,1.46605,-27.0395,-11.4826,-2.74758,-25.3607,-14.9244,-2.74759,-27.8841,-7.75392,1.46603,-28.5896,-4.04631,1.46604,-28.9988,-4.10018,-2.74759,-28.2862,-7.86166,-2.74759,-14.372,-25.1754,2.7476,-12.177,-26.3983,1.46604,-12.1251,-26.287,2.74761,-20.325,-20.6074,2.7476,-17.5049,-23.0952,2.74761,-22.8103,-17.7854,2.74759,-24.893,-14.6544,2.7476,-26.5449,-11.2776,2.74761,-27.7645,-7.72189,2.7476,-28.8677,-0.282399,1.46603,-28.4679,-4.03029,2.7476,-28.7439,-0.282399,2.7476,-12.3517,-26.7727,-2.74758,-29.284,-0.282399,-2.74759,17.5795,22.6277,1.46604,14.642,25.0783,-2.74759,14.4338,24.7178,1.46603,17.8308,22.9552,-2.74758,20.4125,20.1301,1.46603,22.9077,17.2953,1.46603,23.2351,17.5466,-2.7476,20.7069,20.4245,-2.74759,25.0002,14.1514,1.46603,26.6582,10.7598,1.46605,27.0395,10.9178,-2.74758,25.3607,14.3596,-2.74759,27.8841,7.18913,1.46603,28.5896,3.48151,1.46604,28.9988,3.53538,-2.74759,28.2862,7.29687,-2.74759,14.372,24.6106,2.7476,12.7412,25.5546,1.46604,12.6868,25.4443,2.7476,20.325,20.0426,2.7476,17.5049,22.5304,2.74761,22.8103,17.2206,2.74759,24.893,14.0896,2.7476,26.5449,10.7128,2.74761,27.7645,7.15709,2.7476,28.8677,-0.282399,1.46603,28.4679,3.46549,2.7476,28.7439,-0.282399,2.7476,29.284,-0.282399,-2.74759,-17.5795,22.6277,1.46604,-14.642,25.0783,-2.74759,-17.8308,22.9552,-2.74758,-14.4338,24.7178,1.46603,-20.4125,20.1301,1.46603,-23.2351,17.5466,-2.7476,-22.9077,17.2953,1.46603,-20.7069,20.4245,-2.74759,-25.0002,14.1514,1.46603,-27.0395,10.9178,-2.74758,-26.6582,10.7598,1.46605,-25.3607,14.3596,-2.74759,-27.8841,7.18913,1.46603,-28.9988,3.53538,-2.74759,-28.5896,3.48151,1.46604,-28.2862,7.29687,-2.74759,-14.372,24.6106,2.7476,-11.0017,26.278,2.74761,-11.0486,26.3914,1.46604,-20.325,20.0426,2.7476,-17.5049,22.5304,2.74761,-22.8103,17.2206,2.74759,-24.893,14.0896,2.7476,-26.5449,10.7128,2.74761,-27.7645,7.15709,2.7476,-28.4679,3.46549,2.7476,-28.8677,-0.282399,1.46603,-28.7439,-0.282399,2.7476,-11.2066,26.7727,-2.74758,-29.284,-0.282399,-2.74759,12.9243,25.9255,-2.74758]},"normal":{"type":"float32","components":3,"data":[0.6059,-0.789626,0.0968299,0.496908,-0.862256,0.0979665,0.605835,-0.789541,0.0979185,0.496956,-0.862352,0.0968729,0.704069,-0.703503,0.0968018,0.789541,-0.605836,0.0979129,0.789626,-0.605901,0.0968254,0.703991,-0.70343,0.0978937,0.863257,-0.495392,0.0968201,0.919443,-0.380847,0.0978793,0.919541,-0.380888,0.0967901,0.863153,-0.495359,0.0979123,0.962005,-0.255275,0.0968515,0.986687,-0.1299,0.097849,0.986793,-0.129913,0.0967608,0.961896,-0.255269,0.0979437,0.440958,-0.892299,0.0967439,0.497003,-0.862448,0.0957706,0.44128,-0.892257,0.0956479,0.704146,-0.703576,0.0957013,0.605965,-0.78971,0.0957319,0.78971,-0.605966,0.0957287,0.86336,-0.495426,0.0957187,0.919639,-0.380928,0.0956924,0.962114,-0.255281,0.0957495,0.986898,-0.129927,0.0956647,0.995297,-3.56685e-09,0.0968684,0.995404,-4.73468e-09,0.0957667,0.440635,-0.892339,0.0978368,0.99519,-2.38921e-09,0.09796,-0.6059,-0.789626,0.09683,-0.496908,-0.862256,0.0979665,-0.496956,-0.862352,0.096873,-0.605835,-0.789541,0.0979187,-0.704069,-0.703503,0.0968018,-0.789626,-0.605901,0.0968253,-0.789541,-0.605836,0.0979127,-0.703991,-0.70343,0.0978936,-0.863257,-0.495392,0.0968199,-0.919541,-0.380888,0.09679,-0.919443,-0.380847,0.0978794,-0.863153,-0.495358,0.0979123,-0.962005,-0.255275,0.0968518,-0.986793,-0.129913,0.0967612,-0.986687,-0.1299,0.0978491,-0.961896,-0.255269,0.0979437,-0.497004,-0.862447,0.0957708,-0.440958,-0.892299,0.096744,-0.441281,-0.892257,0.0956482,-0.704146,-0.703576,0.0957013,-0.605965,-0.78971,0.0957319,-0.78971,-0.605965,0.0957287,-0.863361,-0.495426,0.0957184,-0.919639,-0.380928,0.095692,-0.962114,-0.255281,0.0957502,-0.995297,1.18895e-09,0.0968685,-0.986898,-0.129927,0.0956655,-0.995404,-4.73468e-09,0.0957667,-0.440635,-0.892339,0.0978367,-0.99519,7.16762e-09,0.0979602,0.6059,0.789626,0.0968301,0.496906,0.862253,0.0980017,0.496954,0.862349,0.0969081,0.605836,0.789541,0.0979186,0.704069,0.703503,0.096802,0.789626,0.605901,0.0968255,0.789541,0.605836,0.0979127,0.703991,0.70343,0.0978934,0.863257,0.495392,0.0968203,0.919541,0.380888,0.0967904,0.919443,0.380847,0.0978793,0.863153,0.495359,0.0979122,0.962005,0.255275,0.0968516,0.986793,0.129913,0.0967608,0.986687,0.1299,0.097849,0.961897,0.255269,0.0979437,0.497002,0.862445,0.0958056,0.440954,0.892293,0.0968122,0.441277,0.892252,0.0957172,0.704146,0.703576,0.0957019,0.605965,0.78971,0.0957325,0.78971,0.605965,0.0957292,0.86336,0.495426,0.0957193,0.919639,0.380928,0.095693,0.962114,0.255281,0.0957497,0.995297,-3.56685e-09,0.0968684,0.986898,0.129927,0.0956647,0.995404,-4.73468e-09,0.0957667,0.99519,-2.38921e-09,0.09796,-0.6059,0.789626,0.0968303,-0.496911,0.862262,0.0978967,-0.605836,0.789541,0.0979187,-0.496958,0.862358,0.0968036,-0.704069,0.703503,0.096802,-0.789541,0.605836,0.0979125,-0.789626,0.605901,0.0968254,-0.703991,0.70343,0.0978934,-0.863257,0.495392,0.0968201,-0.919443,0.380847,0.0978794,-0.919541,0.380888,0.0967903,-0.863153,0.495359,0.0979122,-0.962005,0.255275,0.096852,-0.986687,0.1299,0.0978491,-0.986793,0.129913,0.0967612,-0.961896,0.255269,0.0979437,-0.497006,0.862454,0.0957018,-0.441286,0.892269,0.0955098,-0.440962,0.892311,0.096608,-0.704146,0.703576,0.0957019,-0.605965,0.78971,0.0957325,-0.78971,0.605965,0.0957292,-0.863361,0.495426,0.0957189,-0.919639,0.380928,0.0956927,-0.962114,0.255281,0.0957505,-0.986898,0.129927,0.0956654,-0.995297,1.18895e-09,0.0968685,-0.995404,-4.73468e-09,0.0957667,-0.44064,0.892352,0.0976972,-0.99519,7.16762e-09,0.0979602,0.440632,0.892333,0.097907]},"texCoord0":{"type":"float32","components":2,