{"model":{"version":2,"nodes":[{"name":"RootNode","position":[0,0,0],"rotation":[0,0,0],"scale":[1,1,1],"scaleCompensation":false},{"name":"MW","position":[0,0.860036,1.87206e-08],"rotation":[-90,-0,0],"scale":[0.0101935,0.0101935,0.0101935],"scaleCompensation":false}],"parents":[-1,0],"skins":[],"morphs":[],"vertices":[{"position":{"type":"float32","components":3,"data":[3.76988,-28.6351,1.46604,0,-29.284,-2.74758,3.82375,-29.0443,-2.74758,0,-28.8677,1.46604,11.0486,-26.6738,1.46604,7.57925,-28.2862,-2.74759,11.2066,-27.0551,-2.74758,7.47151,-27.884,1.46603,7.43948,-27.7645,2.7476,3.75386,-28.5134,2.7476,14.372,-24.893,2.7476,11.0017,-26.5604,2.74761,14.4338,-25.0002,1.46603,14.642,-25.3607,-2.74759,0,-28.7439,2.7476,-3.76988,-28.6351,1.46604,-3.82375,-29.0443,-2.74758,-11.0486,-26.6738,1.46604,-7.57925,-28.2862,-2.74759,-7.47151,-27.884,1.46603,-11.2066,-27.0551,-2.74758,-7.43948,-27.7645,2.7476,-3.75386,-28.5134,2.7476,-14.4338,-25.0002,1.46603,-14.372,-24.893,2.7476,-11.0017,-26.5604,2.74761,-14.642,-25.3607,-2.74759,3.76988,28.6351,1.46604,0,29.284,-2.74758,0,28.8677,1.46604,3.82375,29.0443,-2.74758,11.0486,26.6738,1.46604,7.57925,28.2862,-2.74759,7.47151,27.8841,1.46603,11.2066,27.0551,-2.74758,7.43948,27.7645,2.7476,3.75386,28.5134,2.7476,14.4338,25.0002,1.46603,14.372,24.893,2.7476,11.0017,26.5604,2.74761,14.642,25.3607,-2.74759,0,28.7439,2.7476,-3.76988,28.6351,1.46604,-3.82375,29.0443,-2.74758,-11.0486,26.6738,1.46604,-7.57925,28.2862,-2.74759,-11.2066,27.0551,-2.74758,-7.47151,27.8841,1.46603,-7.43948,27.7645,2.7476,-3.75386,28.5134,2.7476,-14.372,24.893,2.7476,-11.0017,26.5604,2.74761,-14.4338,25.0002,1.46603,-14.642,25.3607,-2.74759]},"normal":{"type":"float32","components":3,"data":[0.129914,-0.986785,0.0968381,0,-0.995198,0.0978815,0.1299,-0.98668,0.0979247,-1.18799e-09,-0.995305,0.0967916,0.380886,-0.919539,0.0968186,0.25892,-0.960925,0.0978924,0.380845,-0.919441,0.0979082,0.258959,-0.961025,0.0967999,0.258998,-0.961125,0.0956988,0.129929,-0.98689,0.095742,0.441286,-0.892269,0.0955095,0.380926,-0.919637,0.0957198,0.440963,-0.892311,0.0966077,0.440641,-0.892351,0.0976971,0,-0.995411,0.0956932,-0.129914,-0.986785,0.0968381,-0.1299,-0.98668,0.0979247,-0.380886,-0.919539,0.0968187,-0.25892,-0.960925,0.0978923,-0.258959,-0.961025,0.0968,-0.380845,-0.919441,0.097908,-0.258998,-0.961125,0.095699,-0.129929,-0.98689,0.095742,-0.440963,-0.892311,0.0966078,-0.441286,-0.892269,0.0955098,-0.380926,-0.919637,0.0957202,-0.440641,-0.892351,0.097697,0.129914,0.986785,0.0968387,0,0.995198,0.0978815,2.37599e-09,0.995305,0.0967923,0.1299,0.98668,0.0979246,0.380886,0.919539,0.0968187,0.25892,0.960925,0.0978922,0.258959,0.961025,0.0968003,0.380845,0.919441,0.0979082,0.258998,0.961125,0.0956998,0.129928,0.98689,0.0957434,0.440962,0.892311,0.0966078,0.441286,0.892269,0.0955095,0.380926,0.919637,0.0957202,0.440641,0.892352,0.0976973,0,0.995411,0.0956947,-0.129914,0.986785,0.0968388,-0.1299,0.98668,0.0979246,-0.380886,0.919539,0.0968188,-0.25892,0.960925,0.0978921,-0.380845,0.919441,0.097908,-0.258959,0.961025,0.0968004,-0.258998,0.961125,0.0957001,-0.129928,0.98689,0.0957435,-0.441286,0.89227,0.0955098,-0.380926,0.919637,0.0957205,-0.440962,0.892311,0.0966079,-0.44064,0.892352,0.0976972]},"texCoord0":{"type":"float32","components":2,"data":[0.485361,0.926695,0.448788,0.887285,0.485361,0.887285,0.448788,0.926695,0.558506,0.926695,0.521934,0.887285,0.558506,0.887285,0.521934,0.926695,0.521934,0.941736,0.485361,0.941736,0.595084,0.941736,0.558506,0.941736,0.595084,0.926695,0.595084,0.887285,0.448788,0.941736,0.412216,0.926695,0.412216,0.887285,0.339071,0.926695,0.375643,0.887285,0.375643,0.926695,0.339071,0.887285,0.375643,0.941736,0.412216,0.941736,0.302493,0.926695,0.302493,0.941736,0.339071,0.941736,0.302493,0.887285,0.933042,0.507999,0.972451,0.544572,0.933042,0.544572,0.972451,0.507999,0.933042,0.434853,0.972451,0.471426,0.933042,0.471426,0.972451,0.434853,0.918,0.471426,0.918,0.507999,0.933042,0.398276,0.918,0.398276,0.918,0.434853,0.972451,0.398276,0.918,0.544572,0.933042,0.581144,0.972451,0.581144,0.933042,0.654289,0.972451,0.617717,0.972451,0.654289,0.933042,0.617717,0.918,0.617717,0.918,0.581144,0.918,0.690867,0.918,0.654289,0.933042,0.690867,0.972451,0.690867]},"texCoord1":{"type":"float32","components":2,"data":[0.628735,0.766784,0.5,1.90735e-06,0.630575,1.90735e-06,0.5,0.766784,0.877292,0.766784,0.758819,9.53674e-07,0.882686,1.90735e-06,0.75514,0.766783,0.754046,1,0.628188,1,0.990779,1,0.875689,1,0.992892,0.766783,1,9.53674e-07,0.5,1,0.371265,0.766784,0.369425,1.90735e-06,0.122707,0.766784,0.241181,9.53674e-07,0.24486,0.766783,0.117314,1.90735e-06,0.245954,1,0.371812,1,0.00710803,0.766783,0.0092212,1,0.124311,1,0,9.53674e-07,0.371265,0.766784,0.5,1.90735e-06,0.5,0.766784,0.369425,1.90735e-06,0.122707,0.766784,0.241181,9.53674e-07,0.24486,0.766783,0.117314,1.90735e-06,0.245954,1,0.371812,1,0.00710803,0.766783,0.0092212,1,0.124311,1,0,9.53674e-07,0.5,1,0.628735,0.766784,0.630575,1.90735e-06,0.877293,0.766784,0.758819,9.53674e-07,0.882686,1.90735e-06,0.75514,0.766783,0.754046,1,0.628188,1,0.990779,1,0.875689,1,0.992892,0.766783,1,9.53674e-07]}}],"meshes":[{"aabb":{"min":[-14.642,-29.284,-2.74759],"max":[14.642,29.284,2.74761]},"vertices":0,"indices":[0,1,2,1,0,3,4,5,6,5,4,7,8,9,0,8,0,7,10,11,4,10,4,12,7,0,2,7,2,5,12,4,6,12,6,13,3,9,14,9,3,0,7,11,8,11,7,4,15,1,3,1,15,16,17,18,19,18,17,20,19,15,21,22,21,15,23,17,24,25,24,17,19,16,15,16,19,18,23,20,17,20,23,26,22,3,14,3,22,15,25,19,21,19,25,17,27,28,29,28,27,30,31,32,33,32,31,34,33,27,35,36,35,27,37,31,38,39,38,31,33,30,27,30,33,32,37,34,31,34,37,40,36,29,41,29,36,27,39,33,35,33,39,31,42,28,43,28,42,29,44,45,46,45,44,47,48,49,42,48,42,47,50,51,44,50,44,52,47,42,43,47,43,45,52,44,46,52,46,53,29,49,41,49,29,42,47,51,48,51,47,44],"type":"triangles","base":0,"count":192}],"meshInstances":[{"node":1,"mesh":0}]}}